{
  "name": "Infinity Soluções Têxteis",
  "short_name": "Infinity",
  "description": "Representação Industrial em Franca-SP. Pollibox, Espugum, Raima e grandes marcas do setor calçadista.",
  "start_url": "/",
  "display": "standalone",
  "background_color": "#ffffff",
  "theme_color": "#1B345B",
  "icons": [
    {
      "src": "https://images.unsplash.com/photo-1558591710-4b4a1ae0f04d?q=80&w=192&auto=format&fit=crop",
      "sizes": "192x192",
      "type": "image/png"
    }
  ],
  "requestFramePermissions": []
}